Event,Value,ID,Location
humidity
999999.000000
38.599998,0.000000,21.100000
39.299999,21.100000
55.200001,8.700000
37.400002,21.299999
39.900002,20.799999
39.000000,21.200001
0.000000
38.599998,0.000000,21.100000
39.299999,21.100000
55.099998,8.600000
37.400002,21.299999
39.900002,20.799999
